101,"VIA PIEMONTE, 5/11, 24052, Azzano San Paolo, Bergamo",Azzano San Paolo,Lombardia,24052,Italia,45.66225,9.70141
102,"VIA SAN GIOVANNI BOSCO, 260, 21042, Caronno Pertusella, Varese",Caronno Pertusella,Lombardia,21042,Italia,45.58973,9.05598
103,"VIA VINCENZO FORCELLA, 5, 20144, Milano, Milano",Milano,Lombardia,20144,Italia,45.45278,9.16793
104,"VIA GIUSEPPE VERDI, 1, 24040, Chignolo D'isola, Bergamo",Chignolo D'isola,Lombardia,24040,Italia,45.66288,9.52838
105,"VIA SELLA QUINTINO, 0004, 20121, Milano, Milano",Milano,Lombardia,20121,Italia,45.47011,9.18213
106,"VIA MANZONI, 222, 22070, Cassina Rizzardi, Como",Cassina Rizzardi,Lombardia,22070,Italia,45.75465,9.02824
107,"VIA VITTORIO VENETO, 44, 25052, Piancogno, Brescia",Piancogno,Lombardia,25052,Italia,45.93259,10.24303
108,"VIA MESTRE, 37, 21050, Cairate, Varese",Cairate,Lombardia,21050,Italia,45.68129,8.84734
109,"VICOLO SANTA MARIA ALLA PORTA, 1, 20123, Milano, Milano",Milano,Lombardia,20123,Italia,45.46521,9.18169
110,"VIA CASTELLANA, 35, 27029, Vigevano, Pavia",Vigevano,Lombardia,27029,Italia,45.31635,8.84308
111,"VIA GARIBALDI, 54, 26040, Scandolara Ravara, Cremona",Scandolara Ravara,Lombardia,26040,Italia,45.0549,10.30418
112,"VIA STADIO, 22, 24026, Leffe, Bergamo",Leffe,Lombardia,24026,Italia,45.79548,9.89059
113,"VIALE ANDREA DORIA, 7, 20124, Milano, Milano",Milano,Lombardia,20124,Italia,45.48528,9.20789
114,"VIA PROVINCIALE, 219, 22030, Lipomo, Como",Lipomo,Lombardia,22030,Italia,45.79226,9.12682
115,"VIA G. DI VITTORIO, 63/65, 25125, Brescia, Brescia",Brescia,Lombardia,25125,Italia,45.50867,10.15549
116,"VIA CONCORDIA, 12, 23854, Olginate, Lecco",Olginate,Lombardia,23854,Italia,45.78662,9.42439
117,"VIALE INDUSTRIA, SNC, 27025, Gambolo', Pavia",Gambolo',Lombardia,27025,Italia,45.27204,8.85636
118,"VIA MASSARI MARZOLI, 17, 21052, Busto Arsizio, Varese",Busto Arsizio,Lombardia,21052,Italia,45.59073,8.82318
119,"VIA A. VOLTA, 69, 21010, Cardano Al Campo, Varese",Cardano Al Campo,Lombardia,21010,Italia,45.64202,8.77797
120,"VIA MILANESE, 20, 20099, Sesto San Giovanni, Milano",Sesto San Giovanni,Lombardia,20099,Italia,45.53206,9.21919
121,"VIA DELL'INDUSTRIA, 1, 20020, Busto Garolfo, Milano",Busto Garolfo,Lombardia,20020,Italia,45.54473,8.90575
122,"CORSO EUROPA, 7, 20122, Milano, Milano",Milano,Lombardia,20122,Italia,45.46412,9.19604
123,"VIA DELL'INDUSTRIA, 207, 22040, Alzate Brianza, Como",Alzate Brianza,Lombardia,22040,Italia,45.75878,9.20759
124,"VIA TRENTO, 35/45, 25050, Paderno Franciacorta, Brescia",Paderno Franciacorta,Lombardia,25050,Italia,45.57835,10.08771
125,"VIA BULGARO, 13, 22075, Lurate Caccivio, Como",Lurate Caccivio,Lombardia,22075,Italia,45.75608,8.9973
126,"VIA SANTA TECLA, 3, 20122, Milano, Milano",Milano,Lombardia,20122,Italia,45.46274,9.193
127,"VIA RONCHETTI, 25, 21040, Oggiona Con Santo Stefano, Varese",Oggiona Con Santo Stefano,Lombardia,21040,Italia,45.69926,8.81145
128,"VIA ALESSANDRO MANZONI, 54, 20020, Magnago, Milano",Magnago,Lombardia,20020,Italia,45.56756,8.78762
129,"VIA SALICI, 39, 24025, Gazzaniga, Bergamo",Gazzaniga,Lombardia,24025,Italia,45.78878,9.8285
130,"PIAZZA GIOVINE ITALIA, 3, 20123, Milano, Milano",Milano,Lombardia,20123,Italia,45.46742,9.16964
131,"VIALE HENRY DUNANT, 6, 46043, Castiglione Delle Stiviere, Mantova",Castiglione Delle Stiviere,Lombardia,46043,Italia,45.38441,10.49696
132,"VIA PANNILANI, 45, 22100, Como, Como",Como,Lombardia,22100,Italia,45.80271,9.11113
133,"VIA F.LLI KENNEDY, 15, 22060, Novedrate, Como",Novedrate,Lombardia,22060,Italia,45.69682,9.12476
134,"VIA DELLE INDUSTRIE, 34, 20851, Lissone, Monza E Brianza",Lissone,Lombardia,20851,Italia,45.63771,9.23072
135,"CORSO VITTORIO EMANUELE II, 15, 20122, Milano, Milano",Milano,Lombardia,20122,Italia,45.46568,9.19606
136,"VIA DIAZ, 42/44, 22017, Menaggio, Como",Menaggio,Lombardia,22017,Italia,46.03223,9.23671
137,"VIA OLMEDA, 5/A, 22070, Capiago Intimiano, Como",Capiago Intimiano,Lombardia,22070,Italia,45.76535,9.11771
138,"VIA FERLONI, 73, 22070, Bulgarograsso, Como",Bulgarograsso,Lombardia,22070,Italia,45.75686,9.0064
139,"VIA RICCARDO MANTERO, 20, 22070, Grandate, Como",Grandate,Lombardia,22070,Italia,45.77639,9.04741
140,"VIA PIETRO GIANNONE, 9, 20154, Milano, Milano",Milano,Lombardia,20154,Italia,45.47893,9.1785
141,"VIA 4 PICCOLI MARTIRI, 11, 25040, Cividate Camuno, Brescia",Cividate Camuno,Lombardia,25040,Italia,45.94069,10.26529
142,"VIA SERIO, 57, 24020, Casnigo, Bergamo",Casnigo,Lombardia,24020,Italia,45.83901,9.8727
143,"VIA TICINO, 66, 20010, Santo Stefano Ticino, Milano",Santo Stefano Ticino,Lombardia,20010,Italia,45.4909,8.90711
144,"VIA VITTOR PISANI, 8/A, 20124, Milano, Milano",Milano,Lombardia,20124,Italia,45.48124,9.20013
145,"VIA ASIAGO, 31, 22100, Como, Como",Como,Lombardia,22100,Italia,45.83699,9.05897
146,"VIA CAMPO SPORTIVO, 8, 24020, Peia, Bergamo",Peia,Lombardia,24020,Italia,45.79822,9.89756
147,"VIA PALAZZOLO, 168, 25031, Capriolo, Brescia",Capriolo,Lombardia,25031,Italia,45.62251,9.9279
148,"VIA GIUSEPPE VERDI, 11, 24121, Bergamo, Bergamo",Bergamo,Lombardia,24121,Italia,45.69837,9.67188
149,"VIA ALBERT EINSTEIN, 9-11, 20821, Meda, Monza E Brianza",Meda,Lombardia,20821,Italia,45.65765,9.17506
150,"VIA DELLE CAVE, 3, 20014, Nerviano, Milano",Nerviano,Lombardia,20014,Italia,45.5625,8.96905
151,"VIA ABBONDIO SANGIORGIO, 12, 20145, Milano, Milano",Milano,Lombardia,20145,Italia,45.47594,9.16758
152,"VIALE LOMBARDIA, 25, 21013, Gallarate, Varese",Gallarate,Lombardia,21013,Italia,45.66088,8.80454
153,"VIA G. D'ANNUNZIO, 9, 25018, Montichiari, Brescia",Montichiari,Lombardia,25018,Italia,45.44408,10.32952
154,"STRADA PER CASCINA RESTELLI, 5, 20886, Aicurzio, Monza E Brianza",Aicurzio,Lombardia,20886,Italia,45.63899,9.40916
155,"VIA ALBRICCI ALBERICO, 8, 20122, Milano, Milano",Milano,Lombardia,20122,Italia,45.46069,9.19017
156,"VIA NANDO TINTORRI, 19/23, 20863, Concorezzo, Monza E Brianza",Concorezzo,Lombardia,20863,Italia,45.59732,9.32694
157,"VIA MONTE ROSA, SNC, 22079, Villa Guardia, Como",Villa Guardia,Lombardia,22079,Italia,45.77097,9.01118
158,"VIA ADIGE, 9, 22070, Casnate Con Bernate, Como",Casnate Con Bernate,Lombardia,22070,Italia,45.76067,9.05964
159,"VIA INDUSTRIA, 3, 25037, Pontoglio, Brescia",Pontoglio,Lombardia,25037,Italia,45.57143,9.84998
160,"VIA FALETTI, 33/35, 25031, Capriolo, Brescia",Capriolo,Lombardia,25031,Italia,45.62597,9.9267
161,"VIA DELL'INDUSTRIA, 32, 26016, Spino D'adda, Cremona",Spino D'adda,Lombardia,26016,Italia,45.40335,9.47587
162,"VIA PROVINCIALE, 455, 24059, Urgnano, Bergamo",Urgnano,Lombardia,24059,Italia,45.61159,9.69459
163,"VIA SARMA, 6, 24030, Presezzo, Bergamo",Presezzo,Lombardia,24030,Italia,45.69237,9.57941
164,"VIA G. NIGGELER, 67, 25031, Capriolo, Brescia",Capriolo,Lombardia,25031,Italia,45.6429,9.93439
165,"STRADA FOGLIANO SAN MARCO, 76/78, 27029, Vigevano, Pavia",Vigevano,Lombardia,27029,Italia,45.2943,8.83954
166,"VIA TORTONA, 21, 20144, Milano, Milano",Milano,Lombardia,20144,Italia,45.45286,9.16647
167,"VIA CANOVA ANTONIO, 8, 20145, Milano, Milano",Milano,Lombardia,20145,Italia,45.47562,9.16868
168,"VIA EMILIO MOTTA, 6, 20144, Milano, Milano",Milano,Lombardia,20144,Italia,45.46558,9.16337
169,"CORSO ITALIA, 43, 20025, Legnano, Milano",Legnano,Lombardia,20025,Italia,45.596,8.91552
170,"VIA VISCONTI, 15, 20846, Macherio, Monza E Brianza",Macherio,Lombardia,20846,Italia,45.6416,9.27226
171,"VIA DANTE ALIGHIERI, 1, 21038, Leggiuno, Varese",Leggiuno,Lombardia,21038,Italia,45.86895,8.62877
172,"VIA GORIZIA, 13, 22070, Luisago, Como",Luisago,Lombardia,22070,Italia,45.75891,9.0526
173,"VIA GIOTTO, 3, 20145, Milano, Milano",Milano,Lombardia,20145,Italia,45.46737,9.15901
174,"VIA STAZIONE VECCHIA, 80, 25050, Provaglio D'iseo, Brescia",Provaglio D'iseo,Lombardia,25050,Italia,45.63457,10.03923
175,"VIA BRUNO MARCORA, 1, 21010, Besnate, Varese",Besnate,Lombardia,21010,Italia,45.6493,8.77875
176,"VIA SALICI, 52, 24025, Gazzaniga, Bergamo",Gazzaniga,Lombardia,24025,Italia,45.78841,9.82648
177,"VIA GORIZIA, 15, 22070, Luisago, Como",Luisago,Lombardia,22070,Italia,45.75891,9.0526
178,"VIA ROMA, 10, 22046, Merone, Como",Merone,Lombardia,22046,Italia,45.78643,9.23929
179,"VIA PIEMONTE, 17, 21015, Lonate Pozzolo, Varese",Lonate Pozzolo,Lombardia,21015,Italia,45.59275,8.73495
180,"VIA VOLTA ALESSANDRO, 54, 22100, Como, Como",Como,Lombardia,22100,Italia,45.80797,9.08135
181,"VIA E. THOMAS, 4, 21050, Brusimpiano, Varese",Brusimpiano,Lombardia,21050,Italia,45.94503,8.89279
182,"VIA A. COLOMBO, 65, 21055, Gorla Minore, Varese",Gorla Minore,Lombardia,21055,Italia,45.63952,8.91286
183,"VIA MILANO, 5, 22070, Appiano Gentile, Como",Appiano Gentile,Lombardia,22070,Italia,45.72934,8.98229
184,"VIA CANTURINA, 10, 22070, Capiago Intimiano, Como",Capiago Intimiano,Lombardia,22070,Italia,45.76672,9.11362
185,"CORSO DI PORTA ROMANA, 3, 20122, Milano, Milano",Milano,Lombardia,20122,Italia,45.46007,9.18939
186,"VIA MONTE PRATO, 3, 22029, Uggiate-trevano, Como",Uggiate-trevano,Lombardia,22029,Italia,45.82453,8.9675
187,"VIA CONTARDO FERRINI, 8, 21052, Busto Arsizio, Varese",Busto Arsizio,Lombardia,21052,Italia,45.59675,8.84907
188,"VIA NOVARA, 18, 21013, Gallarate, Varese",Gallarate,Lombardia,21013,Italia,45.65696,8.78683
189,"VIA CADUTI DI TUTTE LE GUERRE, 42, 24020, Cene, Bergamo",Cene,Lombardia,24020,Italia,45.78476,9.8292
190,"VIA STAZIONE VECCHIA, 110, 25050, Provaglio D'iseo, Brescia",Provaglio D'iseo,Lombardia,25050,Italia,45.63457,10.03923
191,"VIA FIRENZE, 13, 25036, Palazzolo Sull'oglio, Brescia",Palazzolo Sull'oglio,Lombardia,25036,Italia,45.61448,9.92054
192,"VIA MOROZZO DELLA ROCCA, 6, 20123, Milano, Milano",Milano,Lombardia,20123,Italia,45.46472,9.16875
193,"VIA E. FERMI, 12, 22030, Orsenigo, Como",Orsenigo,Lombardia,22030,Italia,45.77659,9.17453
194,"VIA CARLINGA, 35, 24035, Curno, Bergamo",Curno,Lombardia,24035,Italia,45.68567,9.60636
195,"VIA FLAVIO GIOIA, 04, 20821, Meda, Monza E Brianza",Meda,Lombardia,20821,Italia,45.65924,9.15174
196,"VIA CEFALONIA, 49, 25124, Brescia, Brescia",Brescia,Lombardia,25124,Italia,45.52583,10.21358
197,"VIA GIOVANNI PAOLO II, 49, 26010, Vaiano Cremasco, Cremona",Vaiano Cremasco,Lombardia,26010,Italia,45.38208,9.58648
198,"VIA OPIFICI, 25/29, 24024, Gandino, Bergamo",Gandino,Lombardia,24024,Italia,45.81023,9.90775
199,"VIA GIOACCHINO ROSSINI, 10, 22075, Lurate Caccivio, Como",Lurate Caccivio,Lombardia,22075,Italia,45.76538,9.0006
200,"CORSO XXV APRILE, 167/B, 22036, Erba, Como",Erba,Lombardia,22036,Italia,45.81055,9.23142
201,"VIA ARTIGIANALE, 55, 25010, Montirone, Brescia",Montirone,Lombardia,25010,Italia,45.44759,10.21484
202,"VIA DR.SILVIO ALBINI, 1, 24021, Albino, Bergamo",Albino,Lombardia,24021,Italia,45.76145,9.80018
203,"VIA INDIPENDENZA, 3, 23885, Calco, Lecco",Calco,Lombardia,23885,Italia,45.72506,9.40443
204,"VIA VITTORIO VENETO, 12/14, 24049, Iseo, Brescia",Iseo,Lombardia,24049,Italia,45.67633,10.08328
205,"VIA CAV.PIETRO RADICI, 19, 24024, Cazzano Sant'andrea, Bergamo",Cazzano Sant'andrea,Lombardia,24024,Italia,45.80758,9.88117
206,"VIA DANTE ALIGHIERI, 36, 21050, Cairate, Varese",Cairate,Lombardia,21050,Italia,45.66579,8.89457
207,"VIA COLOMBARE DI CASTIGLIONE, 81/E, 25015, Desenzano Del Garda, Brescia",Desenzano Del Garda,Lombardia,25015,Italia,45.43304,10.54891
208,"VIA MAGGI, 41, 20855, Lesmo, Monza E Brianza",Lesmo,Lombardia,20855,Italia,45.63227,9.30857
209,"VIALE LUIGI MAJNO, 5, 20122, Milano, Milano",Milano,Lombardia,20122,Italia,45.46861,9.2055
210,"VIA QUASIMODO, 33, 20025, Legnano, Milano",Legnano,Lombardia,20025,Italia,45.61547,8.93575
211,"VIALE ELVEZIA, 12, 20154, Milano, Milano",Milano,Lombardia,20154,Italia,45.47729,9.17821
212,"VIA DON LUIGI STURZO, 9, 23895, Nibionno, Lecco",Nibionno,Lombardia,23895,Italia,45.75798,9.27161
213,"VIA DIAZ, 31, 22071, Cadorago, Como",Cadorago,Lombardia,22071,Italia,45.71168,9.03959
214,"VIA FOLZONI, 7, 24052, Azzano San Paolo, Bergamo",Azzano San Paolo,Lombardia,24052,Italia,45.65327,9.68523
215,"VIA SOCRATE, 17/E, 22070, Casnate Con Bernate, Como",Casnate Con Bernate,Lombardia,22070,Italia,45.76203,9.0826
216,"VIALE CERTOSA, 36/A, 20155, Milano, Milano",Milano,Lombardia,20155,Italia,45.49075,9.15056
217,"VIA PAPA GIOVANNI XXIII, 320, 24059, Urgnano, Bergamo",Urgnano,Lombardia,24059,Italia,45.59605,9.69662
218,"VIA MASSIMO D'AZEGLIO, 14, 21052, Busto Arsizio, Varese",Busto Arsizio,Lombardia,21052,Italia,45.61164,8.86585
219,"STRADA STATALE DEI GIOVI, 66, 22070, Grandate, Como",Grandate,Lombardia,22070,Italia,45.77634,9.0651
220,"VIA AGRO DEL CASTELLO, 38, 24020, Casnigo, Bergamo",Casnigo,Lombardia,24020,Italia,45.80564,9.86021
221,"VIA FERDINANDO MARESCALCHI, 0011, 20133, Milano, Milano",Milano,Lombardia,20133,Italia,45.46912,9.23477
222,"VIA VENTICINQUE APRILE, 20, 22020, Faloppio, Como",Faloppio,Lombardia,22020,Italia,45.80117,8.97672
223,"VIA BELFIORE, 24, 46019, Viadana, Mantova",Viadana,Lombardia,46019,Italia,44.93597,10.4978
224,"VIA MATTEOTTI, 67, 21012, Cassano Magnago, Varese",Cassano Magnago,Lombardia,21012,Italia,45.66887,8.81461
225,"VIA DEL TECCHIONE, 34, 20098, San Giuliano Milanese, Milano",San Giuliano Milanese,Lombardia,20098,Italia,45.4018,9.2529
226,"VIA PADRE ALBISETTI, 10, 24030, Terno D'isola, Bergamo",Terno D'isola,Lombardia,24030,Italia,45.69035,9.52153
227,"VIA FELICE CAVALLOTTI, 8, 20122, Milano, Milano",Milano,Lombardia,20122,Italia,45.46378,9.1965
228,"VIALE EUROPA, 23, 46019, Viadana, Mantova",Viadana,Lombardia,46019,Italia,44.92794,10.50722
229,"VIA GIACOMO MASCIONI, 4, 21030, Cuvio, Varese",Cuvio,Lombardia,21030,Italia,45.89564,8.72728
230,"LARGO TESTORI, 5, 20026, Novate Milanese, Milano",Novate Milanese,Lombardia,20026,Italia,45.52954,9.13643
231,"VIA UGO FOSCOLO, 152, 24024, Gandino, Bergamo",Gandino,Lombardia,24024,Italia,45.80691,9.88807
232,"VIA CANTU' CESARE, 1, 20123, Milano, Milano",Milano,Lombardia,20123,Italia,45.46422,9.18703
233,"VIA FRATELLI GABBA, 1/A, 20121, Milano, Milano",Milano,Lombardia,20121,Italia,45.46994,9.19008
234,"VIA DON A. PEDRINELLI, 94, 24030, Carvico, Bergamo",Carvico,Lombardia,24030,Italia,45.70031,9.49427
235,"VIA ANGELO E AGOSTINO PINETTI, 44, 24057, Martinengo, Bergamo",Martinengo,Lombardia,24057,Italia,45.57004,9.75779
236,"VIA XX SETTEMBRE, 35, 22069, Rovellasca, Como",Rovellasca,Lombardia,22069,Italia,45.66569,9.03939
237,"VIA CAV. PIETRO RADICI, 19, 24024, Cazzano Sant'andrea, Bergamo",Cazzano Sant'andrea,Lombardia,24024,Italia,45.80758,9.88117
238,"VIALE MAJNO LUIGI, 5, 20122, Milano, Milano",Milano,Lombardia,20122,Italia,45.46861,9.2055
239,"VIA DE GASPERI, 65, 25030, Erbusco, Brescia",Erbusco,Lombardia,25030,Italia,45.60462,9.93552
240,"VIA VITTORIO VENETO, 82, 21015, Lonate Pozzolo, Varese",Lonate Pozzolo,Lombardia,21015,Italia,45.59324,8.74456
241,"VIA BELVEDERE, 1/A, 22070, Grandate, Como",Grandate,Lombardia,22070,Italia,45.77573,9.06123
242,"VIA GIUSEPPE VERDI, 5, 21020, Bodio Lomnago, Varese",Bodio Lomnago,Lombardia,21020,Italia,45.79007,8.74447
243,"VIA BOLOGNA, 7, 20060, Trezzano Rosa, Milano",Trezzano Rosa,Lombardia,20060,Italia,45.58869,9.47654
244,"VIA PER DOLZAGO, 37, 23848, Oggiono, Lecco",Oggiono,Lombardia,23848,Italia,45.77686,9.34109
245,"VIA VALL'ALTA, 13, 24020, Cene, Bergamo",Cene,Lombardia,24020,Italia,45.77009,9.82513
246,"VIA LEGNANO, 24, 20027, Rescaldina, Milano",Rescaldina,Lombardia,20027,Italia,45.61223,8.94603
247,"VIA TRINITA', 1, 22042, San Fermo Della Battaglia, Como",San Fermo Della Battaglia,Lombardia,22042,Italia,45.80287,9.04022
248,"VIA F.LLI KENNEDY, 75, 20010, Marcallo Con Casone, Milano",Marcallo Con Casone,Lombardia,20010,Italia,45.47874,8.86665
249,"VIA S.GIOVANNI SUL MURO, 0001, 20121, Milano, Milano",Milano,Lombardia,20121,Italia,45.46677,9.18132
250,"VIA FERRUCCIO RADAELLI, 56, 24040, Pontirolo Nuovo, Bergamo",Pontirolo Nuovo,Lombardia,24040,Italia,45.57878,9.57039
251,"VIALE LUNIGIANA, 46, 20125, Milano, Milano",Milano,Lombardia,20125,Italia,45.49346,9.20181
252,"VIA RICCARDO MANTERO, 15, 22070, Grandate, Como",Grandate,Lombardia,22070,Italia,45.7779,9.04924
253,"VIA ARESE, 0085, 20020, Robecchetto Con Induno, Milano",Robecchetto Con Induno,Lombardia,20020,Italia,45.5385,8.76109
254,"VIA AL CORBE', SNC, 22076, Mozzate, Como",Mozzate,Lombardia,22076,Italia,45.66465,8.96038
255,"VIA MILANO, 14, 22070, Appiano Gentile, Como",Appiano Gentile,Lombardia,22070,Italia,45.72762,8.98338
256,"VIA PER FENEGRO', 26, 22070, Veniano, Como",Veniano,Lombardia,22070,Italia,45.71692,8.99621
257,"VIA MADONNA, 30, 22070, Guanzate, Como",Guanzate,Lombardia,22070,Italia,45.72598,9.019
258,"VIA DON A. PEDRINELLI, 96, 24030, Carvico, Bergamo",Carvico,Lombardia,24030,Italia,45.70031,9.49427
259,"VIA DR. SILVIO ALBINI, 1, 24021, Albino, Bergamo",Albino,Lombardia,24021,Italia,45.76145,9.80018
260,"VIA G.B. PIRELLI, 56, 26026, Pizzighettone, Cremona",Pizzighettone,Lombardia,26026,Italia,45.18398,9.7912
261,"VIA C.BATTISTI, 15, 23845, Costa Masnaga, Lecco",Costa Masnaga,Lombardia,23845,Italia,45.76601,9.2739
262,"VIA MECENATE, 86, 20138, Milano, Milano",Milano,Lombardia,20138,Italia,45.45111,9.25014
263,"STRADA CASALOLDO, 55, 46042, Castel Goffredo, Mantova",Castel Goffredo,Lombardia,46042,Italia,45.28004,10.4675
264,"VIA DANTE, 75, 22070, Carbonate, Como",Carbonate,Lombardia,22070,Italia,45.67375,8.91681
265,"VIA DEI MILLE, 31, 24067, Sarnico, Bergamo",Sarnico,Lombardia,24067,Italia,45.66887,9.94566
266,"VIA ALFREDO CATALANI, 75, 20833, Giussano, Monza E Brianza",Giussano,Lombardia,20833,Italia,45.68048,9.20572
267,"VIA GIOSUE' CARDUCCI, 24, 20851, Lissone, Monza E Brianza",Lissone,Lombardia,20851,Italia,45.60444,9.23534
268,"VIA PAPA GIOVANNI XXIII, 43, 20091, Bresso, Milano",Bresso,Lombardia,20091,Italia,45.52865,9.18916
269,"VIALE G. GARIBALDI, 11, 21014, Laveno-mombello, Varese",Laveno-mombello,Lombardia,21014,Italia,45.90863,8.61945
270,"LARGO DE GASPERI, 1/3, 46019, Viadana, Mantova",Viadana,Lombardia,46019,Italia,44.92683,10.52235
271,"PIAZZA CASTELLO, 1, 46029, Suzzara, Mantova",Suzzara,Lombardia,46029,Italia,44.9901,10.74511
272,"PIAZZA ALEBARDI, 1, 24068, Seriate, Bergamo",Seriate,Lombardia,24068,Italia,45.68538,9.72113
273,"VIA SARDEGNA, 1, 20020, Magnago, Milano",Magnago,Lombardia,20020,Italia,45.5771,8.81813
274,"PIAZZA GIUSEPPE MAZZINI, 13, 21010, Cardano Al Campo, Varese",Cardano Al Campo,Lombardia,21010,Italia,45.6447,8.772
275,"VIA DUCA DEGLI ABRUZZI, 166, 21100, Varese, Varese",Varese,Lombardia,21100,Italia,45.81626,8.76087
276,"VIA NAZIONALE, 1104, 23025, Novate Mezzola, Sondrio",Novate Mezzola,Lombardia,23025,Italia,46.21204,9.44872
277,"VIA ROMA, 59, 27010, Siziano, Pavia",Siziano,Lombardia,27010,Italia,45.31916,9.20034
278,"VIA CASA BIANCA, 3, 25040, Esine, Brescia",Esine,Lombardia,25040,Italia,45.90504,10.22264
279,"VIA MALTA, 12, 25124, Brescia, Brescia",Brescia,Lombardia,25124,Italia,45.52654,10.21434
280,"VIA GALASSI, 7, 25047, Darfo Boario Terme, Brescia",Darfo Boario Terme,Lombardia,25047,Italia,45.89007,10.19006
281,"VIA LAGRANGE GIUSEPPE, 2, 20136, Milano, Milano",Milano,Lombardia,20136,Italia,45.44891,9.1792
282,"VIA ALESSANDRO MANZONI, 24, 25040, Esine, Brescia",Esine,Lombardia,25040,Italia,45.92483,10.25533
283,"VIA ALDO MORO, SNC, 27018, Vidigulfo, Pavia",Vidigulfo,Lombardia,27018,Italia,45.29065,9.23743
284,"VIA FRANCESCO PETRARCA, 111, 20099, Sesto San Giovanni, Milano",Sesto San Giovanni,Lombardia,20099,Italia,45.54416,9.2376
285,"VIA LA ROSA, 354, 23010, Piantedo, Sondrio",Piantedo,Lombardia,23010,Italia,46.13875,9.418
286,"VIA CAPRERA, 20, 21046, Malnate, Varese",Malnate,Lombardia,21046,Italia,45.79076,8.87871
287,"VIA CAVALLARI, 31, 23030, Castello Dell'acqua, Sondrio",Castello Dell'acqua,Lombardia,23030,Italia,46.15364,10.03204
288,"VIA PIAZZA, 19, 23020, Montagna In Valtellina, Sondrio",Montagna In Valtellina,Lombardia,23020,Italia,46.17942,9.90422
289,"PIAZZA MAZZINI, 23, 20010, San Giorgio Su Legnano, Milano",San Giorgio Su Legnano,Lombardia,20010,Italia,45.57509,8.91279
290,"VIA SANT'ANTONINO, 3, 24122, Bergamo, Bergamo",Bergamo,Lombardia,24122,Italia,45.69329,9.66195
291,"PIAZZA GIOVANNI XXIII, 10, 24020, Scanzorosciate, Bergamo",Scanzorosciate,Lombardia,24020,Italia,45.71499,9.77353
292,"VIA MONTE NAPOLEONE, 29, 20121, Milano, Milano",Milano,Lombardia,20121,Italia,45.4699,9.19293
293,"VIA OGLIO, 5, 26100, Cremona, Cremona",Cremona,Lombardia,26100,Italia,45.13199,10.00971
294,"PIAZZA VITTORIO EMANUELE II, 43, 25034, Orzinuovi, Brescia",Orzinuovi,Lombardia,25034,Italia,45.40213,9.92436
295,"VIA GENALA, 48, 26015, Soresina, Cremona",Soresina,Lombardia,26015,Italia,45.28715,9.85484
296,"VIA DISCIPLINI, 7, 20123, Milano, Milano",Milano,Lombardia,20123,Italia,45.45799,9.18607
297,"CORSO BARTESAGHI, 1, 22036, Erba, Como",Erba,Lombardia,22036,Italia,45.81027,9.21862
298,"VIA PERACCHIA, 3, 25064, Gussago, Brescia",Gussago,Lombardia,25064,Italia,45.59232,10.1534
299,"VIA NAZIONALE, 5, 23020, Piuro, Sondrio",Piuro,Lombardia,23020,Italia,46.32847,9.43349
300,"VIA PREMOLI, 18, 26815, Massalengo, Lodi",Massalengo,Lombardia,26815,Italia,45.26274,9.48897
301,"VIA PROVINCIALE, 9, 24050, Ghisalba, Bergamo",Ghisalba,Lombardia,24050,Italia,45.59581,9.75656
302,"VIA SANTA ISAIA, 5, 20010, Vanzago, Milano",Vanzago,Lombardia,20010,Italia,45.50828,8.9761
303,"VIA ROMA, 53/C, 24010, Olmo Al Brembo, Bergamo",Olmo Al Brembo,Lombardia,24010,Italia,45.9695,9.64875
304,"VIA MONTANELLI, 2, 24020, Ardesio, Bergamo",Ardesio,Lombardia,24020,Italia,45.93676,9.93152
305,"VIA VITRUVIO, 11, 20124, Milano, Milano",Milano,Lombardia,20124,Italia,45.48108,9.2089
306,"VIALE GIOVANNI XXIII, 45/5-6, 46023, Gonzaga, Mantova",Gonzaga,Lombardia,46023,Italia,44.96845,10.77385
307,"VIA STELVIO, 25, 23020, Poggiridenti, Sondrio",Poggiridenti,Lombardia,23020,Italia,46.16955,9.92249
308,"VIA MOLINO ARESE, 66, 20811, Cesano Maderno, Monza E Brianza",Cesano Maderno,Lombardia,20811,Italia,45.63098,9.17098
309,"VIA SISMONDI GIAN CARLO, 44, 20133, Milano, Milano",Milano,Lombardia,20133,Italia,45.4655,9.23055
310,"PIAZZA VITTORIO VENETO, SNC, 20080, Bubbiano, Milano",Bubbiano,Lombardia,20080,Italia,45.32742,9.01515
311,"P.ZZA DELLA VITTORIA, 7, 20015, Parabiago, Milano",Parabiago,Lombardia,20015,Italia,45.55699,8.95074
312,"VIA SAN ROCCO, 13, 24030, Solza, Bergamo",Solza,Lombardia,24030,Italia,45.67773,9.49031
313,"VIA ACHILLE GRANDI, 18, 25125, Brescia, Brescia",Brescia,Lombardia,25125,Italia,45.51617,10.16554
314,"VIA ARCHIMEDE, 20, 20129, Milano, Milano",Milano,Lombardia,20129,Italia,45.46507,9.21158
315,"VIA VITTORINA GEMENTI, 65, 46010, Curtatone, Mantova",Curtatone,Lombardia,46010,Italia,45.13011,10.7477
316,"PIAZZA BASILICA, 4, 23037, Tirano, Sondrio",Tirano,Lombardia,23037,Italia,46.21789,10.15605
317,"VIA SALVO D'ACQUISTO, 31, 25080, Botticino, Brescia",Botticino,Lombardia,25080,Italia,45.542,10.31976
318,"VIA SIMONI, 26, 25030, Adro, Brescia",Adro,Lombardia,25030,Italia,45.62133,9.96341
319,"VIA PROVINCIALE, 24, 22038, Tavernerio, Como",Tavernerio,Lombardia,22038,Italia,45.80051,9.15119
320,"VIA DELLE FORZE ARMATE, 212, 20152, Milano, Milano",Milano,Lombardia,20152,Italia,45.46164,9.12108
321,"VIA FERRI, 6, 46027, San Benedetto Po, Mantova",San Benedetto Po,Lombardia,46027,Italia,45.04195,10.92622
322,"VIA CAVALLOTTI, 122, 20900, Monza, Monza E Brianza",Monza,Lombardia,20900,Italia,45.57777,9.25307
323,"VIA MATTEOTTI, 8, 20823, Lentate Sul Seveso, Monza E Brianza",Lentate Sul Seveso,Lombardia,20823,Italia,45.67824,9.11916
324,"VIA ROGORINI, 18, 20886, Aicurzio, Monza E Brianza",Aicurzio,Lombardia,20886,Italia,45.63885,9.41321
325,"VIA LAZZARETTO, 46, 23848, Oggiono, Lecco",Oggiono,Lombardia,23848,Italia,45.78865,9.3481
326,"VIA DUCA DEGLI ABRUZZI, 4, 21040, Gerenzano, Varese",Gerenzano,Lombardia,21040,Italia,45.63938,8.9991
327,"VIALE DELLA REPUBBLICA, 12/A, 24049, Verdello, Bergamo",Verdello,Lombardia,24049,Italia,45.60801,9.63573
328,"VIA GARIBALDI, 45, 21029, Vergiate, Varese",Vergiate,Lombardia,21029,Italia,45.72863,8.69876
329,"PIAZZA RISORGIMENTO, 24, 20084, Lacchiarella, Milano",Lacchiarella,Lombardia,20084,Italia,45.32137,9.13751
330,"PIAZZA LIBERTA', 19, 20020, Arconate, Milano",Arconate,Lombardia,20020,Italia,45.54025,8.84799
331,"VIA CESARE BATTISTI, 6, 20016, Pero, Milano",Pero,Lombardia,20016,Italia,45.5174,9.07188
332,"LUNGOLAGO DUCA DEGLI ABRUZZI, 166, 21100, Varese, Varese",Varese,Lombardia,21100,Italia,45.81095,8.76878
333,"VIA BEATA PAOLA MONTALDI, 15, 46049, Volta Mantovana, Mantova",Volta Mantovana,Lombardia,46049,Italia,45.32118,10.65877
334,"PIAZZA VIRGILIO, 52, 25019, Sirmione, Brescia",Sirmione,Lombardia,25019,Italia,45.46437,10.60976
335,"VIA ROMA, 14, 23012, Castione Andevenno, Sondrio",Castione Andevenno,Lombardia,23012,Italia,46.1731,9.80065
336,"PIAZZA EUROPA, 1, 25013, Carpenedolo, Brescia",Carpenedolo,Lombardia,25013,Italia,45.36237,10.42995
337,"PIAZZA PARACCHINI, 14, 22014, Dongo, Como",Dongo,Lombardia,22014,Italia,46.12268,9.28006
338,"VIA MATTEOTTI, 10, 25080, Mazzano, Brescia",Mazzano,Lombardia,25080,Italia,45.4987,10.3481
339,"VIA KENNEDY, 1, 21046, Malnate, Varese",Malnate,Lombardia,21046,Italia,45.79621,8.884
340,"VIA MATTEOTTI, 10, 25030, Coccaglio, Brescia",Coccaglio,Lombardia,25030,Italia,45.56206,9.97805
341,"VIA BRUNO ESEGUITI, 40BIS, 27043, Broni, Pavia",Broni,Lombardia,27043,Italia,45.05647,9.2549
342,"PIAZZA PAPA GIOVANNI PAOLO II, 35, 24030, Brembate Di Sopra, Bergamo",Brembate Di Sopra,Lombardia,24030,Italia,45.72031,9.58328
343,"PIAZZA ALDO  MORO, 1, 25011, Calcinato, Brescia",Calcinato,Lombardia,25011,Italia,45.46596,10.28722
344,"PIAZZA IV NOVEMBRE, 4, 22074, Lomazzo, Como",Lomazzo,Lombardia,22074,Italia,45.69868,9.04031
345,"VIA DEI CADUTI, 7, 20090, Assago, Milano",Assago,Lombardia,20090,Italia,45.40543,9.13087
346,"VIA L LAGO DUCA DEGLI ABRUZZI, 166, 21100, Varese, Varese",Varese,Lombardia,21100,Italia,45.81626,8.76087
347,"VIA VITTORIO EMANUELE, 43, 25031, Capriolo, Brescia",Capriolo,Lombardia,25031,Italia,45.63688,9.93389
348,"PIAZZA FRANCESCO GUARDI, 15, 20133, Milano, Milano",Milano,Lombardia,20133,Italia,45.47048,9.22702
349,"PIAZZA CESARE BATTISTI, 0001, 20861, Brugherio, Monza E Brianza",Brugherio,Lombardia,20861,Italia,45.55127,9.30063
350,"VIA MONS. GIROLAMO RIZZI, 24, 25035, Ospitaletto, Brescia",Ospitaletto,Lombardia,25035,Italia,45.56317,10.07302
351,"VIA ROMA, 2, 21051, Arcisate, Varese",Arcisate,Lombardia,21051,Italia,45.85983,8.86035
352,"VIA BRESCIA, 155/K, 25075, Nave, Brescia",Nave,Lombardia,25075,Italia,45.58406,10.27905
353,"PIAZZA VITTORIO EMANUELE II, 1, 20066, Melzo, Milano",Melzo,Lombardia,20066,Italia,45.51473,9.4785
354,"VIA VILLORESI, 45, 20011, Corbetta, Milano",Corbetta,Lombardia,20011,Italia,45.46874,8.90838
355,"VIA SERADINA, 11, 25040, Corte Franca, Brescia",Corte Franca,Lombardia,25040,Italia,45.63803,10.00463
356,"VIA CARDUCCI, 4, 25015, Desenzano Del Garda, Brescia",Desenzano Del Garda,Lombardia,25015,Italia,45.46963,10.5397
357,"VIA MONSIGNOR BONTACCHIO, 5, 25081, Bedizzole, Brescia",Bedizzole,Lombardia,25081,Italia,45.51261,10.41891
358,"PIAZZA LIBERTA', 24, 20010, Cornaredo, Milano",Cornaredo,Lombardia,20010,Italia,45.50183,9.02573
359,"PIAZZA VITTORIO EMANUELE II, 25, 26866, Sant'angelo Lodigiano, Lodi",Sant'angelo Lodigiano,Lombardia,26866,Italia,45.24092,9.40709
360,"VIA CERESIO, 30/B, 22018, Porlezza, Como",Porlezza,Lombardia,22018,Italia,46.03662,9.12226
361,"VIA VERONA, 35, 46100, Mantova, Mantova",Mantova,Lombardia,46100,Italia,45.17347,10.78727
362,"VIA ROMA, 2, 20094, Buccinasco, Milano",Buccinasco,Lombardia,20094,Italia,45.42222,9.10829
363,"STRADA PROVINCIALE 227, SNC, 20010, Vittuone, Milano",Vittuone,Lombardia,20010,Italia,45.4688,8.96409
364,"VIA VENETO V., 18, 20026, Novate Milanese, Milano",Novate Milanese,Lombardia,20026,Italia,45.53242,9.13464
365,"VIA GIUSEPPE DI VITTORIO, 2, 21029, Vergiate, Varese",Vergiate,Lombardia,21029,Italia,45.72189,8.69491
366,"PIAZZA DEL TRICOLORE, 40, 20030, Senago, Milano",Senago,Lombardia,20030,Italia,45.57777,9.11905
367,"PIAZZA GARIBALDI, 8, 26041, Casalmaggiore, Cremona",Casalmaggiore,Lombardia,26041,Italia,44.98623,10.41582
368,"PIAZZA DE GASPERI, 1, 20024, Garbagnate Milanese, Milano",Garbagnate Milanese,Lombardia,20024,Italia,45.57656,9.0795
369,"VIA CARDINAL FERRARI, 66, 20017, Rho, Milano",Rho,Lombardia,20017,Italia,45.5314,9.0368
370,"VIA PROVINCIALE PER LECCO, 850/854, 22030, Lipomo, Como",Lipomo,Lombardia,22030,Italia,45.79563,9.13248
371,"VIA FATEBENEFRATELLI, 10, 20121, Milano, Milano",Milano,Lombardia,20121,Italia,45.47304,9.18979
372,"VIA CAV DI VITTORIO VENETO, 16, 25017, Lonato Del Garda, Brescia",Lonato Del Garda,Lombardia,25017,Italia,45.46618,10.48072
373,"VIA LAMBRETTA, 2, 20090, Segrate, Milano",Segrate,Lombardia,20090,Italia,45.48598,9.26739
374,"PIAZZA L. MANARA, 9, 24047, Treviglio, Bergamo",Treviglio,Lombardia,24047,Italia,45.52154,9.59245
375,"VIA MATTEOTTI, 17, 26013, Crema, Cremona",Crema,Lombardia,26013,Italia,45.36272,9.68841
376,"VIA RE UMBERTO I, 1, 20020, Lainate, Milano",Lainate,Lombardia,20020,Italia,45.57564,9.02692
377,"VIA MAZZINI, 76, 20020, Solaro, Milano",Solaro,Lombardia,20020,Italia,45.61649,9.07794
378,"CORSO ITALIA, 53, 20832, Desio, Monza E Brianza",Desio,Lombardia,20832,Italia,45.61853,9.20751
379,"VIA LECCO, 11, 20864, Agrate Brianza, Monza E Brianza",Agrate Brianza,Lombardia,20864,Italia,45.58174,9.35573
380,"VIA GALILEO GALILEI, 72, 20862, Arcore, Monza E Brianza",Arcore,Lombardia,20862,Italia,45.61199,9.32556
381,"VIA MICHELANGELO BUONARROTI, 5, 20149, Milano, Milano",Milano,Lombardia,20149,Italia,45.46749,9.15496
382,"VIA RAGAZZI DEL '99, 19, 23100, Sondrio, Sondrio",Sondrio,Lombardia,23100,Italia,46.16956,9.86971
383,"VIA DANTE, 2, 20068, Peschiera Borromeo, Milano",Peschiera Borromeo,Lombardia,20068,Italia,45.43233,9.31204
384,"VIA MARCONI, 1/A, 25016, Ghedi, Brescia",Ghedi,Lombardia,25016,Italia,45.40274,10.27734
385,"VIA BONICALZA, 138/C, 21012, Cassano Magnago, Varese",Cassano Magnago,Lombardia,21012,Italia,45.66251,8.84168
386,"VIA MEDAGLIE D'ORO, 33, 21019, Somma Lombardo, Varese",Somma Lombardo,Lombardia,21019,Italia,45.68344,8.71678
387,"PIAZZA DUOMO, 25, 26013, Crema, Cremona",Crema,Lombardia,26013,Italia,45.36337,9.68658
388,"VIA CESARE BATTISTI, 2, 20097, San Donato Milanese, Milano",San Donato Milanese,Lombardia,20097,Italia,45.41835,9.26295
389,"VIA GUFFANTI, 2/B, 22070, Bulgarograsso, Como",Bulgarograsso,Lombardia,22070,Italia,45.75032,9.00941
390,"VIA SAN BASSIANO, 39, 26900, Lodi, Lodi",Lodi,Lombardia,26900,Italia,45.31165,9.49323
391,"VIA S. REMO, 3, 20098, San Giuliano Milanese, Milano",San Giuliano Milanese,Lombardia,20098,Italia,45.39515,9.28392
392,"VIA MATTEOTTI, 79, 25063, Gardone Val Trompia, Brescia",Gardone Val Trompia,Lombardia,25063,Italia,45.69727,10.18678
393,"VIALE ORIANO, 20, 24047, Treviglio, Bergamo",Treviglio,Lombardia,24047,Italia,45.5192,9.59246
394,"VIA GARIBALDI, 20, 20811, Cesano Maderno, Monza E Brianza",Cesano Maderno,Lombardia,20811,Italia,45.62825,9.14915
395,"VIA VITTORIO VENETO, 10, 22063, Cantu', Como",Cantu',Lombardia,22063,Italia,45.75135,9.12992
396,"VIA GIOSUE' CARDUCCI, 0221, 20099, Sesto San Giovanni, Milano",Sesto San Giovanni,Lombardia,20099,Italia,45.53131,9.22174
397,"VIA SAN ZENO, 95, 25124, Brescia, Brescia",Brescia,Lombardia,25124,Italia,45.52343,10.21913
398,"VIA BRAILLE, 3, 20900, Monza, Monza E Brianza",Monza,Lombardia,20900,Italia,45.60174,9.26324
399,"VIA PALESTRO, 33, 20831, Seregno, Monza E Brianza",Seregno,Lombardia,20831,Italia,45.64582,9.20556
400,"VIA VERGA, 113, 20092, Cinisello Balsamo, Milano",Cinisello Balsamo,Lombardia,20092,Italia,45.55236,9.20102
401,"PIAZZA ALDO MORO, 1, 20021, Bollate, Milano",Bollate,Lombardia,20021,Italia,45.54352,9.11741
402,"VIA PASSIONE, 0008, 20122, Milano, Milano",Milano,Lombardia,20122,Italia,45.46501,9.20181
403,"VIA GEROMINI, 5, 26100, Cremona, Cremona",Cremona,Lombardia,26100,Italia,45.13906,10.02225
404,"VIA ROMA, 2/6, 22045, Lambrugo, Como",Lambrugo,Lombardia,22045,Italia,45.75788,9.24345
405,"VIA FRATELLI CAIROLI, 20, 22073, Fino Mornasco, Como",Fino Mornasco,Lombardia,22073,Italia,45.73025,9.05793
406,"VIA AGRO CASTELLO, 38, 24020, Casnigo, Bergamo",Casnigo,Lombardia,24020,Italia,45.80564,9.86021
407,"VIA GIUSEPPE MAZZINI, 20, 24026, Cazzano Sant'andrea, Bergamo",Cazzano Sant'andrea,Lombardia,24026,Italia,45.80618,9.88558
408,"VIALE VIENNA, 10, 24049, Verdellino, Bergamo",Verdellino,Lombardia,24049,Italia,45.59202,9.61773
409,"VIA GOFFREDO MAMELI, 107, 21019, Somma Lombardo, Varese",Somma Lombardo,Lombardia,21019,Italia,45.68664,8.71135
410,"VIA LUIGI CADORNA, 33, 23895, Nibionno, Lecco",Nibionno,Lombardia,23895,Italia,45.74512,9.26856
411,"VIA LUIGI SACCO, 14, 21100, Varese, Varese",Varese,Lombardia,21100,Italia,45.81913,8.82295
412,"VIA REPUBBLICA, 4, 22075, Lurate Caccivio, Como",Lurate Caccivio,Lombardia,22075,Italia,45.76328,9.00841
413,"VIA MAGENTA, 79, 21052, Busto Arsizio, Varese",Busto Arsizio,Lombardia,21052,Italia,45.59679,8.84696
414,"VIA ULISSE BELLORA, 81, 24020, Cene, Bergamo",Cene,Lombardia,24020,Italia,45.78862,9.83067
415,"VIA VOLTA, 2, 23895, Nibionno, Lecco",Nibionno,Lombardia,23895,Italia,45.74866,9.27233
416,"VIA ATTILIO LENTICCHIA, 25, 22100, Como, Como",Como,Lombardia,22100,Italia,45.78584,9.0776
417,"VIA CARDUCCI, 20, 22077, Olgiate Comasco, Como",Olgiate Comasco,Lombardia,22077,Italia,45.78183,8.97696
418,"VIA GALILEO GALILEI, 13, 22032, Albese Con Cassano, Como",Albese Con Cassano,Lombardia,22032,Italia,45.79543,9.17511
419,"VIA PER CADREZZATE, 5, 21020, Brebbia, Varese",Brebbia,Lombardia,21020,Italia,45.82235,8.64763
420,"VIA RISORGIMENTO, 23, 22038, Tavernerio, Como",Tavernerio,Lombardia,22038,Italia,45.79839,9.15128
421,"VIA SABBIONETTE, 7, 20843, Verano Brianza, Monza E Brianza",Verano Brianza,Lombardia,20843,Italia,45.67885,9.21468
422,"VIALE RIMEMBRANZE, 120, 24059, Urgnano, Bergamo",Urgnano,Lombardia,24059,Italia,45.59879,9.69585
423,"VIA RISAIA, 24, 21020, Mornago, Varese",Mornago,Lombardia,21020,Italia,45.72474,8.7465
424,"VIA NAZARIO SAURO, 32, 23849, Rogeno, Lecco",Rogeno,Lombardia,23849,Italia,45.77985,9.26908
425,"VIA RISORGIMENTO, 8/10, 21020, Crosio Della Valle, Varese",Crosio Della Valle,Lombardia,21020,Italia,45.76292,8.767
426,"VIA MOLINO DELLE ARMI, 11, 20123, Milano, Milano",Milano,Lombardia,20123,Italia,45.45619,9.18585
427,"VIA DEI CICLAMINI, 0003, 20147, Milano, Milano",Milano,Lombardia,20147,Italia,45.45579,9.12795
428,"VIA VOLTA, 9, 22079, Villa Guardia, Como",Villa Guardia,Lombardia,22079,Italia,45.77188,9.02242
429,"VIA GIUSEPPE GARIBALDI, 52, 21022, Azzate, Varese",Azzate,Lombardia,21022,Italia,45.77187,8.80561
430,"VIA BORGO PALAZZO, 141, 24125, Bergamo, Bergamo",Bergamo,Lombardia,24125,Italia,45.69204,9.69538
431,"VIA GABRIELE TADINO, 4/D, 24127, Bergamo, Bergamo",Bergamo,Lombardia,24127,Italia,45.67162,9.64233
432,"VIA AURORA, 29, 20037, Paderno Dugnano, Milano",Paderno Dugnano,Lombardia,20037,Italia,45.57278,9.16692
433,"VIA TOLMINO, 38, 21052, Busto Arsizio, Varese",Busto Arsizio,Lombardia,21052,Italia,45.61741,8.83359
434,"VIA DANTE ALIGHIERI, 63, 20081, Abbiategrasso, Milano",Abbiategrasso,Lombardia,20081,Italia,45.3872,8.92024
435,"VIA VARESE, 156, 20024, Garbagnate Milanese, Milano",Garbagnate Milanese,Lombardia,20024,Italia,45.57547,9.0717
436,"VIA MONTELLO, 10, 21047, Saronno, Varese",Saronno,Lombardia,21047,Italia,45.63241,9.02753
437,"VIA MARTIRI DELLE FOIBE, 15/A, 20900, Monza, Monza E Brianza",Monza,Lombardia,20900,Italia,45.59556,9.25035
438,"VIA NULLO, 13, 24050, Grassobbio, Bergamo",Grassobbio,Lombardia,24050,Italia,45.65867,9.71867
439,"VIA JERAGO, SNC, 21010, Besnate, Varese",Besnate,Lombardia,21010,Italia,45.70461,8.77483
440,"VIA CADUTI PER LA PATRIA, 139, 27030, Zinasco, Pavia",Zinasco,Lombardia,27030,Italia,45.15872,9.37664
441,"PIAZZA DUOMO, 35, 27058, Voghera, Pavia",Voghera,Lombardia,27058,Italia,44.99219,9.0092
442,"VIA ROMA, 69, 27050, Ponte Nizza, Pavia",Ponte Nizza,Lombardia,27050,Italia,44.85013,9.09837
443,"VIA MILANO, 47, 27030, Castello D'agogna, Pavia",Castello D'agogna,Lombardia,27030,Italia,45.23497,8.69118
444,"VIA VALERIANA, 79, 23019, Traona, Sondrio",Traona,Lombardia,23019,Italia,46.1483,9.52374
445,"VIA AGOSTINO RIBOLDI, 239/A, 20037, Paderno Dugnano, Milano",Paderno Dugnano,Lombardia,20037,Italia,45.57052,9.18245
446,"VIA DANTE ALIGHIERI, 14, 26100, Cremona, Cremona",Cremona,Lombardia,26100,Italia,45.46663,9.51097
447,"VIA TEVERE, 2, 22079, Villa Guardia, Como",Villa Guardia,Lombardia,22079,Italia,45.77565,9.02852
448,"VIA SAN GIOVANNI BOSCO, 9, 23826, Mandello Del Lario, Lecco",Mandello Del Lario,Lombardia,23826,Italia,45.92149,9.31855
449,"VIA UNIONE, 2/A, 24060, Castelli Calepio, Bergamo",Castelli Calepio,Lombardia,24060,Italia,45.65608,9.92332
450,"VIALE ARISTIDE MERLONI, 45, 60044, Fabriano, Ancona",Fabriano,Marche,60044,Italia,43.35103,12.90809
451,"VIA ORNA, 35, 36040, Brendola, Vicenza",Brendola,Veneto,36040,Italia,45.47941,11.43133
452,"VIA RISORGIMENTO, 32, 48022, Lugo, Ravenna",Lugo,Emilia-romagna,48022,Italia,44.42028,11.91438
453,"VIA CIRCONVALLAZIONE EST, 1, 24040, Stezzano, Bergamo",Stezzano,Lombardia,24040,Italia,45.64165,9.65497
454,"VIALE BORRI, 231, 21100, Varese, Varese",Varese,Lombardia,21100,Italia,45.79342,8.84902
455,"CORSO LINO ZANUSSI, 24, 33080, Porcia, Pordenone",Porcia,Friuli-venezia Giulia,33080,Italia,45.96817,12.62369
456,"VIA CHIESE, 6, 20126, Milano, Milano",Milano,Lombardia,20126,Italia,45.52116,9.21435
457,"VIA CARLO PISACANE, 1, 20016, Pero, Milano",Pero,Lombardia,20016,Italia,45.50776,9.09208
458,"VIA A. VOLTA, 1, 24069, Cenate Sotto, Bergamo",Cenate Sotto,Lombardia,24069,Italia,45.69018,9.81859
459,"VIA TORRETTA, 240, 40041, Gaggio Montano, Bologna",Gaggio Montano,Emilia-romagna,40041,Italia,44.18515,10.95142
460,"VIA CALARI, 10, 40069, Zola Predosa, Bologna",Zola Predosa,Emilia-romagna,40069,Italia,44.50005,11.23834
461,"ZONA INDUSTR. MOLINI DI TURES, 13, 39032, Campo Tures, Bolzano",Campo Tures,Trentino-alto Adige,39032,Italia,46.89933,11.94318
462,"VIALE DELL INNOVAZIONE, 3, 20126, Milano, Milano",Milano,Lombardia,20126,Italia,45.5124,9.21142
463,"VIA PREALPI, 32, 20032, Cormano, Milano",Cormano,Lombardia,20032,Italia,45.54332,9.17911
464,"VIA ETTORE DE SONNAZ, 19, 10121, Torino, Torino",Torino,Piemonte,10121,Italia,45.06913,7.67253
465,"VIALE DELL'INDUSTRIA, 1, 37040, Veronella, Verona",Veronella,Veneto,37040,Italia,45.3351,11.33432
466,"VIA BORGO LUNARDON, 8, 36027, Rosa', Vicenza",Rosa',Veneto,36027,Italia,45.73485,11.7584
467,"LOCALITA' MAIANO,, 61028, Sassocorvaro, Pesaro",Sassocorvaro,Marche,61028,Italia,43.77748,12.50317
468,"VIA DELLE ARTI E DEI MESTIERI, 1/3, 36030, San Vito Di Leguzzano, Vicenza",San Vito Di Leguzzano,Veneto,36030,Italia,45.68457,11.40402
469,"VIA OSTIENSE, 131/L, 00154, Roma, Roma",Roma,Lazio,00154,Italia,41.86577,12.47958
470,"VIA ROMA, 19, 26041, Casalmaggiore, Cremona",Casalmaggiore,Lombardia,26041,Italia,44.99268,10.41684
471,"VIALE DELLA REGIONE VENETO, 5, 35127, Padova, Padova",Padova,Veneto,35127,Italia,45.39217,11.95126
472,"LOCALITA' CASONA, 1066, 40041, Gaggio Montano, Bologna",Gaggio Montano,Emilia-romagna,40041,Italia,44.20002,10.9487
473,"VIA SAN FERMO, 2/B, 46040, Gazoldo Degli Ippoliti, Mantova",Gazoldo Degli Ippoliti,Lombardia,46040,Italia,45.19316,10.56464
474,"VIA ARCHIMEDE, 22, 20864, Agrate Brianza, Monza E Brianza",Agrate Brianza,Lombardia,20864,Italia,45.56843,9.34061
475,"VIA DON EMILIO MAZZA, 12, 24020, Gorle, Bergamo",Gorle,Lombardia,24020,Italia,45.70379,9.70831
476,"VIA CAL LONGA,, 31028, Vazzola, Treviso",Vazzola,Veneto,31028,Italia,45.85119,12.38638
477,"VIA A. RIGHI, 4, 52010, Subbiano, Arezzo",Subbiano,Toscana,52010,Italia,43.55585,11.84916
478,"CORSO MONFORTE, 19, 20122, Milano, Milano",Milano,Lombardia,20122,Italia,45.46696,9.19993
479,"VIA RISORGIMENTO, 96, 36070, San Pietro Mussolino, Vicenza",San Pietro Mussolino,Veneto,36070,Italia,45.58181,11.25979
480,"VIA I MAGGIO, 55, 31043, Fontanelle, Treviso",Fontanelle,Veneto,31043,Italia,45.82723,12.47649
481,"VIA 8 MARZO, 2, 52010, Bibbiena, Arezzo",Bibbiena,Toscana,52010,Italia,43.72583,11.81099
482,"VIA CHIRIBIRI, 1, 10028, Trofarello, Torino",Trofarello,Piemonte,10028,Italia,44.96967,7.73269
483,"VIA JOHN FITZGERALD KENNEDY, 21, 20023, Cerro Maggiore, Milano",Cerro Maggiore,Lombardia,20023,Italia,45.59735,8.96605
484,"VIA DI SPINI, 9, 38121, Trento, Trento",Trento,Trentino-alto Adige,38121,Italia,46.11794,11.09444
485,"VIA PALAZZINA, 6/8, 42016, Guastalla, Reggio Emilia",Guastalla,Emilia-romagna,42016,Italia,44.91592,10.64852
486,"VIALE EUROPA, 5, 36053, Gambellara, Vicenza",Gambellara,Veneto,36053,Italia,45.43193,11.35128
487,"LOCALITA' CHIAVERETTO, 37 B, 52010, Subbiano, Arezzo",Subbiano,Toscana,52010,Italia,43.54796,11.92667
488,"VIA SCALDASOLE, 10/12, 27020, Dorno, Pavia",Dorno,Lombardia,27020,Italia,45.14843,8.94943
489,"VIA LUCANIA, 2/4/6, 20090, Buccinasco, Milano",Buccinasco,Lombardia,20090,Italia,45.41698,9.11873
490,"VIA DEI VALTORTA, 45, 20127, Milano, Milano",Milano,Lombardia,20127,Italia,45.50023,9.22783
491,"VIA MATTEO FABBIAN, 7, 31030, Borso Del Grappa, Treviso",Borso Del Grappa,Veneto,31030,Italia,45.8168,11.80242
492,"VIA DON B. ARRIGONI, 5, 24020, Rovetta, Bergamo",Rovetta,Lombardia,24020,Italia,45.8785,9.97458
493,"VIA ANGELO FAINI, 2, 25073, Bovezzo, Brescia",Bovezzo,Lombardia,25073,Italia,45.58755,10.2387
494,"VIA SABBIONARA, 1, 36071, Arzignano, Vicenza",Arzignano,Veneto,36071,Italia,45.51191,11.36967
495,"VIA PIEMONTE, 20, 20096, Pioltello, Milano",Pioltello,Lombardia,20096,Italia,45.48862,9.33385
496,"VIA GIOVANNI MARRADI, 1, 20123, Milano, Milano",Milano,Lombardia,20123,Italia,45.46451,9.17442
497,"VIA J.F. KENNEDY, 43, 30027, San Dona' Di Piave, Venezia",San Dona' Di Piave,Veneto,30027,Italia,45.62572,12.59646
498,"VIA IV NOVEMBRE, 30, 12025, Dronero, Cuneo",Dronero,Piemonte,12025,Italia,44.46748,7.35953
499,"VIA IV NOVEMBRE, 29, 51034, Serravalle Pistoiese, Pistoia",Serravalle Pistoiese,Toscana,51034,Italia,43.90981,10.85648
500,"VIA CADUTI DEL LAVORO, 13, 25034, Orzinuovi, Brescia",Orzinuovi,Lombardia,25034,Italia,45.40967,9.9384
501,"VIA SERENISSIMA, 9, 25135, Brescia, Brescia",Brescia,Lombardia,25135,Italia,45.50884,10.27662
502,"VIA SARSINATE, 27, 47866, Sant'agata Feltria, Rimini",Sant'agata Feltria,Emilia-romagna,47866,Italia,43.86319,12.19239
503,"VIA ROMA, 0003, 20010, San Giorgio Su Legnano, Milano",San Giorgio Su Legnano,Lombardia,20010,Italia,45.57625,8.91068
504,"VIALE DELL'INNOVAZIONE, 3, 20126, Milano, Milano",Milano,Lombardia,20126,Italia,45.5124,9.21142
505,"VIALE CADORNA, 56/A, 20025, Legnano, Milano",Legnano,Lombardia,20025,Italia,45.59816,8.93889
506,"STRADA PADANA 10 OVEST, 17/19, 15023, Felizzano, Alessandria",Felizzano,Piemonte,15023,Italia,44.90049,8.44611
507,"VIA STADIO, 2, 52036, Pieve Santo Stefano, Arezzo",Pieve Santo Stefano,Toscana,52036,Italia,43.6636,12.04801
508,"VIA OBERDAN, 57, 37060, Sorga', Verona",Sorga',Veneto,37060,Italia,45.18561,11.01416
509,"VIA CALLALTA, 1, 31046, Oderzo, Treviso",Oderzo,Veneto,31046,Italia,45.7429,12.47269
510,"VIA FRANCESCA, 8, 24060, Bolgare, Bergamo",Bolgare,Lombardia,24060,Italia,45.63222,9.80784
511,"VIA MARTIRI DELLA LIBERTA', 15, 31030, Casier, Treviso",Casier,Veneto,31030,Italia,45.61807,12.26311
512,"STRADA PER VALENZA, 5/A, 15033, Casale Monferrato, Alessandria",Casale Monferrato,Piemonte,15033,Italia,45.05582,8.61263
513,"VIALE EUROPA, 7, 37045, Legnago, Verona",Legnago,Veneto,37045,Italia,45.18493,11.26676
514,"VIALE LOMBARDIA, 0129, 20089, Rozzano, Milano",Rozzano,Lombardia,20089,Italia,45.38431,9.1536
515,"VIA A. VOLTA, 9, 67051, Avezzano, L'aquila",Avezzano,Abruzzo,67051,Italia,42.01004,13.43439
516,"VIA GRANAROLO, 167, 48018, Faenza, Ravenna",Faenza,Emilia-romagna,48018,Italia,44.31486,11.89982
517,"VIA CONSORZIALE, 13, 33170, Pordenone, Pordenone",Pordenone,Friuli-venezia Giulia,33170,Italia,45.98657,12.63886
518,"VIA CIRCONVALLAZIONE, 2, 15028, Quattordio, Alessandria",Quattordio,Piemonte,15028,Italia,44.90428,8.40284
519,"VIALE DELL'INDUSTRIA, 1, 35023, Bagnoli Di Sopra, Padova",Bagnoli Di Sopra,Veneto,35023,Italia,45.2011,11.88993
520,"VIA DRUBIAGLIO, 14, 10040, Almese, Torino",Almese,Piemonte,10040,Italia,45.10488,7.41861
521,"VIA LUDIVICO ARIOSTO, 12, 74123, Taranto, Taranto",Taranto,Puglia,74123,Italia,40.5038,17.22884
522,"VIA MARIANO GUZZINI, 37, 62019, Recanati, Macerata",Recanati,Marche,62019,Italia,43.35775,13.49752
523,"VIA MEUCCI, 22, 30020, Noventa Di Piave, Venezia",Noventa Di Piave,Veneto,30020,Italia,45.67416,12.53529
524,"VIA ALESSANDRO VOLTA, 2, 37038, Soave, Verona",Soave,Veneto,37038,Italia,45.40898,11.24039
525,"VIA DELL'INDUSTRIA, 12,14,16, 60037, Monte San Vito, Ancona",Monte San Vito,Marche,60037,Italia,43.58561,13.30579
526,"VIA DELL'INDUSTRIA, 11, 35020, Brugine, Padova",Brugine,Veneto,35020,Italia,45.27659,12.04899
527,"VIA GARCIA LORCA, 29, 23871, Lomagna, Lecco",Lomagna,Lombardia,23871,Italia,45.66894,9.37911
528,"VIA TORRICELLI, 4/6, 48022, Lugo, Ravenna",Lugo,Emilia-romagna,48022,Italia,44.43049,11.89591
529,"VIALE SARCA, 235, 20126, Milano, Milano",Milano,Lombardia,20126,Italia,45.52314,9.21275
530,"VIALE VICENZA, 14, 36063, Marostica, Vicenza",Marostica,Veneto,36063,Italia,45.73426,11.65341
531,"VIA LASIE, 12/A, 40026, Imola, Bologna",Imola,Emilia-romagna,40026,Italia,44.37724,11.72704
532,"VIA MARCO EMILIO LEPIDO, 182, 40132, Bologna, Bologna",Bologna,Emilia-romagna,40132,Italia,44.51895,11.26745
533,"VIA DANTE ALIGHIERI, 100/106, 24058, Romano Di Lombardia, Bergamo",Romano Di Lombardia,Lombardia,24058,Italia,45.52777,9.74618
534,"VIA TROZZETTI, 20, 36061, Bassano Del Grappa, Vicenza",Bassano Del Grappa,Veneto,36061,Italia,45.76377,11.74809
535,"VIA CADUTI DEL LAVORO, 3, 31029, Vittorio Veneto, Treviso",Vittorio Veneto,Veneto,31029,Italia,45.9463,12.31726
536,"VIALE EUROPA, 118/120, 55013, Capannori, Lucca",Capannori,Toscana,55013,Italia,43.87417,10.57265
537,"CORSO PASTRENGO, 40, 10093, Collegno, Torino",Collegno,Piemonte,10093,Italia,45.08234,7.58225
538,"VIA ERMANNO CASOLI, 2, 60044, Fabriano, Ancona",Fabriano,Marche,60044,Italia,43.32977,12.90269
539,"VIA ROMOLO MURRI, 21, 48124, Ravenna, Ravenna",Ravenna,Emilia-romagna,48124,Italia,44.41627,12.17335
540,"VIA LEONARDO DA VINCI, 4, 42016, Guastalla, Reggio Emilia",Guastalla,Emilia-romagna,42016,Italia,44.92425,10.72919
541,"VIALE EUROPA, 75, 36075, Montecchio Maggiore, Vicenza",Montecchio Maggiore,Veneto,36075,Italia,45.49934,11.41848
542,"VIA ALDO ROSSI, 4, 20100, Milano, Milano",Milano,Lombardia,20100,Italia,45.48701,9.14773
543,"VIA COMOLLI, 0016, 20861, Brugherio, Monza E Brianza",Brugherio,Lombardia,20861,Italia,45.5642,9.30259
544,"VIA L. SEITZ, 47, 31100, Treviso, Treviso",Treviso,Veneto,31100,Italia,45.66562,12.27081
545,"VIA VITTOR PISANI, 16, 20124, Milano, Milano",Milano,Lombardia,20124,Italia,45.48238,9.20127
