name,address,producer_type,category
Callum Mcfadden,48,Maker,
Magee Camacho,30,Maker,
Maxwell Small,83,Maker,
Isaac Lindsey,52,Maker,
Tiger Hammond,4,Maker,
Aristotle Carroll,1,Maker,
Vestibulum Ante Ipsum Limited,45,Factory,Medical
Nunc Id Industries,54,Factory,Metal
Aptent Taciti Incorporated,14,Factory,Textile
Egestas LLP,5,Factory,Metal
At Sem Molestie LLP,44,Factory,Cheicals
Nullam Ut Nisi Consulting,57,Factory,Metal
Libero PC,3,Factory,Medical
Ut Associates,75,Factory,Metal
Et Libero Proin Institute,46,Factory
